{
    "loss_per_epoch": [
        5.321314337849617,
        0.33401975126138755,
        0.23163699628785253,
        0.18953267530139004,
        0.14805709073053938
    ],
    "accuracy": 0.9839357137680054,
    "top5_accuracy": 0.9994980096817017
}